pli,auc,f1,accuracy,precision,recall
1,0.9906976744186046,0.9473684210526315,0.9552238805970149,0.9529411764705882,0.9418604651162791
2,0.9756319514661274,0.9479768786127167,0.9552238805970149,0.9425287356321839,0.9534883720930233
3,0.9919110212335693,0.9647058823529412,0.9701492537313433,0.9761904761904762,0.9534883720930233
4,0.9915065722952477,0.9479768786127167,0.9552238805970149,0.9425287356321839,0.9534883720930233
5,0.9946960424316605,0.9651162790697675,0.97,0.9651162790697675,0.9651162790697675
moyenne,0.9888886523690419,0.9546288679401547,0.9611641791044777,0.95586108059904,0.9534883720930234
ecart_type,0.007561856207933199,0.009390740448818121,0.008134259892906457,0.014688190056943017,0.008222171874262194
