metrique,valeur
n_test,201.0
prevalence,0.42786069651741293
accuracy,0.945273631840796
precision,0.9032258064516129
recall_sensibilite,0.9767441860465116
specificite,0.9217391304347826
f1,0.9385474860335196
roc_auc,0.9967644084934277
pr_auc,0.9961149270259922
brier_score,0.030531365424394608
log_loss,0.09746506065130234
