feature,importance_moyenne,methode
hct,0.2529840651280827,shap
rbc,0.1235090691222103,shap
mentzer_index,0.04799430778687382,shap
mcv,0.0448109220957836,shap
mch,0.04364098177912815,shap
mchc,0.02315825998458168,shap
sex,0.01008020055669525,shap
age,0.006582307265724845,shap
